epoch,train_loss,val_loss,learning_rate
1,8817952.587013315,8494037.705214968,0.0001
2,6714772.768660881,5901589.568769905,0.0001
